appId,id,domainId,v1,v2,v3,v4,v5,v6,y,y_ai,y_txai,y_iso
NHANES,0,0,0.0,50.0,0.0,20.54414343741145,5.6,,0.0,34.08970027861965,36.67921730475675,33.35707857143965
NHANES,0,1,0.0,50.0,5.6,61.7,173.3,,0.0,43.85014425962414,40.13570132934238,43.81633163219185
AirQuality,0,0,4.0,142.0,2200.0,1.7,1007.0,,238.0,241.77084970640047,230.71251800256417,230.41180539946333
AirQuality,0,1,4.0,142.0,2200.0,1.7,21.475,,238.0,233.53155481357464,232.92290035397104,233.2545329488217
NHANES,1,0,0.0,76.0,1.0,25.752749632415945,4.9,,0.0,32.20329127253678,39.53228980572221,37.26369850659704
NHANES,2,0,0.0,49.0,0.0,22.356901589760824,5.5,,0.0,33.488847636638816,36.22697576111294,32.90218430339128
NHANES,3,0,0.0,43.0,0.0,25.564359450080616,5.3,,0.0,32.710534409526794,34.53785803953957,30.98034307589096
NHANES,4,0,0.0,41.0,0.0,19.87144168962351,5.2,,0.0,32.352552761451136,29.90260710695059,25.846761625197026
NHANES,5,0,1.0,44.0,0.0,25.14878792277544,5.2,,0.0,33.06374261781062,40.10399830228774,37.56107165729733
NHANES,6,0,0.0,73.0,1.0,27.01318283943893,6.1,,0.0,49.88838514588899,55.25821359323261,53.6260875817177
NHANES,7,0,0.0,80.0,1.0,23.185384508252355,6.1,,0.0,49.68008573902839,54.17527049673463,52.67079403243352
NHANES,8,0,0.0,70.0,1.0,39.835940503652445,8.6,,1.0,99.9165029205803,93.96792850544271,94.4309925965412
NHANES,9,0,1.0,40.0,0.0,24.395568554835453,5.5,,0.0,35.141008924516385,43.00545230785798,40.39366201798747
NHANES,10,0,0.0,85.0,1.0,27.77756224734445,6.2,,1.0,50.28590313762218,58.63715228519708,57.71771538200753
NHANES,11,0,1.0,74.0,1.0,26.07377792746058,6.1,,1.0,52.52198292539273,61.83105337789088,61.241932502285856
NHANES,12,0,1.0,43.0,0.0,24.02647883667656,5.7,,0.0,38.5376425095742,45.803963083874606,43.44121320640691
NHANES,13,0,0.0,60.0,1.0,35.84386490369397,5.9,,0.0,47.29187135261881,55.61919731808328,53.73315109742311
NHANES,14,0,0.0,78.0,1.0,24.34008129447267,5.8,,0.0,40.59965145489013,50.650931029114645,48.93517591886616
NHANES,15,0,0.0,78.0,1.0,25.90781504684237,6.0,,0.0,47.96474364153848,54.07319160900377,52.56934020769052
NHANES,16,0,0.0,46.0,0.0,26.39496028150549,5.9,,0.0,39.1188064713584,43.13812743404005,40.13868588121076
NHANES,17,0,1.0,69.0,1.0,55.12411090143708,7.3,,1.0,99.36952646290044,92.24709704149052,93.84082080004734
NHANES,18,0,1.0,58.0,1.0,41.499719446100805,6.3,,1.0,81.35400925064799,70.48069931930287,70.11462748390382
NHANES,19,0,1.0,76.0,1.0,36.53955728780123,6.3,,1.0,79.96467215674939,70.32622259183829,70.57789612723977
NHANES,20,0,1.0,70.0,1.0,27.295524691358025,6.2,,1.0,61.39792470233818,63.21862510328282,62.55878758317917
NHANES,21,0,0.0,74.0,1.0,29.39040539963262,6.4,,1.0,64.25327874894306,60.54526528597568,59.28317171536287
NHANES,22,0,0.0,74.0,1.0,25.572359121163263,5.8,,0.0,40.79889489901348,50.75529801220401,48.9099751611726
NHANES,23,0,0.0,80.0,1.0,28.632146106465733,9.2,,1.0,99.96074968291356,97.06453277069951,97.72674134699326
NHANES,24,0,1.0,60.0,1.0,37.59788945550439,6.2,,1.0,69.55267139792129,67.36970518919308,66.81412936463815
NHANES,25,0,1.0,69.0,1.0,25.787242702558792,5.9,,0.0,49.74122488722802,58.399653514524815,57.4213040292413
NHANES,26,0,1.0,70.0,1.0,24.859883929562223,5.9,,0.0,49.6685419544384,58.0399635721387,57.05728765345695
NHANES,27,0,1.0,65.0,1.0,28.515186319330777,5.9,,0.0,49.8975235148396,59.30970436322618,58.290466864592425
NHANES,28,0,0.0,80.0,1.0,26.43211756651992,6.4,,1.0,62.17424590967073,59.79085047658775,58.65730299650952
NHANES,29,0,0.0,76.0,1.0,25.802469135802465,6.4,,1.0,61.25764361787957,58.89223674399774,57.51872579562734
NHANES,30,0,0.0,43.0,0.0,28.97314379382009,5.8,,0.0,37.24550413340756,42.8184868670461,39.76046008279586
NHANES,31,0,1.0,45.0,0.0,24.85322085674467,5.7,,0.0,38.71223274193572,46.52902936013206,44.31661340624382
NHANES,32,0,0.0,69.0,1.0,30.151169897241843,5.9,,0.0,45.57723475019143,53.81139105286344,52.04373798045764
NHANES,33,0,1.0,81.0,1.0,36.72287089034138,7.9,,1.0,99.79307747356388,91.7463056037234,93.21374455111052
NHANES,34,0,0.0,80.0,1.0,28.992528001644136,6.0,,0.0,48.72332740597817,56.01457958172573,54.79493977129638
NHANES,35,0,1.0,66.0,1.0,41.41825214975927,6.3,,1.0,81.9653818966444,71.55568518701173,71.59004485489125
NHANES,36,0,1.0,62.0,1.0,38.80602224903366,6.2,,1.0,70.73023962808034,68.30021869484408,67.91758988702097
NHANES,37,0,1.0,80.0,1.0,21.597147338496228,6.3,,1.0,68.37122660821441,62.8364943068781,62.40484624123066
NHANES,38,0,0.0,50.0,0.0,24.344632264460195,5.8,,0.0,36.74790277878111,41.3042163249189,38.32636389079186
NHANES,39,0,1.0,76.0,1.0,36.99572282821725,6.3,,1.0,80.25291537325978,70.57194942359351,70.85066953320732
NHANES,40,0,1.0,40.0,0.0,27.92807533245693,5.5,,0.0,35.449609829189534,44.90833979433299,42.50599585288539
NHANES,41,0,0.0,74.0,1.0,31.83957846895328,5.9,,0.0,46.29597110292345,55.42019554422445,54.0059387582176
NHANES,42,0,1.0,77.0,1.0,29.294419080718445,6.3,,1.0,74.67879266706272,66.56327706234569,66.4360358292342
NHANES,43,0,0.0,74.0,1.0,34.50552586089629,6.4,,1.0,68.93770048155076,63.30067364901489,62.34186139385263
NHANES,44,0,0.0,48.0,0.0,26.642113041175364,5.7,,0.0,35.45476249567937,40.97322589216996,37.97080276586571
NHANES,45,0,0.0,50.0,0.0,19.74149778699146,5.8,,0.0,36.30113511273827,38.824604098488926,35.573826580760326
NHANES,46,0,0.0,52.0,0.0,23.723514517879966,5.7,,0.0,35.26027898382812,39.96047323461241,36.9876339751998
NHANES,47,0,0.0,80.0,1.0,37.30828287010678,6.0,,0.0,49.890980209895005,60.49410272943385,59.76751349221594
NHANES,48,0,0.0,46.0,0.0,23.977747270518726,6.0,,0.0,41.58730174165325,43.12490296857572,40.041617599438425
NHANES,49,0,0.0,80.0,1.0,29.71461101992828,6.0,,0.0,48.8738984306752,56.403550594716734,55.22672390849592
NHANES,50,0,0.0,80.0,1.0,22.398074876208987,5.8,,0.0,40.21698718977382,49.88453045529394,48.154947021638186
NHANES,51,0,0.0,77.0,1.0,23.28634722185561,6.0,,0.0,47.290428002807246,52.52120291916398,50.81126398209752
NHANES,52,0,0.0,80.0,1.0,27.53195673549656,6.0,,0.0,48.40025724069443,55.22780040183452,53.92156165824982
NHANES,53,0,0.0,46.0,0.0,26.715770419150463,5.7,,0.0,35.43584995571855,40.73318593156468,37.63381458704947
NHANES,54,0,1.0,61.0,1.0,40.52661057420912,8.4,,1.0,99.91842952087949,97.44251211982088,98.41970211829644
NHANES,55,0,1.0,54.0,1.0,41.27965395549457,8.2,,1.0,99.8846134249467,94.29139385042642,94.83967759028498
NHANES,56,0,0.0,46.0,0.0,27.278551035782623,4.9,,0.0,31.97169219695819,30.72532323024263,27.18351582929328
NHANES,57,0,1.0,48.0,0.0,21.460063544410705,5.4,,0.0,34.09636569208278,41.25415017176936,38.81409674494753
NHANES,58,0,0.0,80.0,1.0,23.25407569201637,5.2,,0.0,32.90884597866271,42.61237455084195,40.57669141015007
NHANES,59,0,0.0,44.0,0.0,23.52511559281121,5.1,,0.0,32.20835193141631,31.00146365653149,27.2547463370412
NHANES,60,0,0.0,78.0,1.0,22.7805760628774,5.4,,0.0,33.91077708555198,44.65534777024026,42.60922583944823
NHANES,61,0,0.0,49.0,0.0,25.7936507936508,5.6,,0.0,34.34844276404844,39.36715825173858,36.3056110618646
NHANES,62,0,0.0,66.0,1.0,31.96219720784023,4.9,,0.0,32.34525141144036,41.47860104279765,39.07159771952563
NHANES,63,0,1.0,51.0,0.0,19.6845948285596,5.5,,0.0,34.9539102143382,42.00619640350972,39.6723220822408
NHANES,64,0,0.0,40.0,0.0,23.27208231431908,5.5,,0.0,33.47217956629077,35.461235048004625,31.7347861813002
NHANES,65,0,0.0,41.0,0.0,19.5786670843449,5.3,,0.0,32.59278192243165,31.033773158616693,27.02004423219368
NHANES,66,0,0.0,45.0,0.0,19.1044776119403,5.1,,0.0,32.16512407815142,28.7600172986904,24.80185304464784
NHANES,67,0,0.0,43.0,0.0,21.635440152926183,5.1,,0.0,32.185882611226546,29.84367621242729,25.93426016080455
NHANES,68,0,0.0,47.0,0.0,26.579593264932942,5.5,,0.0,33.64665538574121,38.221933761476286,35.046195052487164
NHANES,69,0,0.0,43.0,0.0,28.85639114678241,4.9,,0.0,31.98760501019806,31.155696209751305,27.55546757326377
NHANES,70,0,0.0,51.0,0.0,20.474022015848544,5.3,,0.0,32.63315499919299,32.91467037021478,29.46060529702753
NHANES,71,0,0.0,40.0,0.0,26.74050571193671,5.1,,0.0,32.248198528286586,32.1740917366569,28.415387661873744
NHANES,72,0,0.0,40.0,0.0,20.160875385209224,5.1,,0.0,32.16784541650652,28.62978255268657,24.48096470526017
NHANES,73,0,1.0,73.0,1.0,22.27667631989307,4.8,,0.0,32.33221922706762,42.89036649730174,41.25227198575245
NHANES,74,0,0.0,46.0,0.0,26.22950819672132,5.4,,0.0,33.1090554160491,36.60461383052816,33.29798496030136
NHANES,75,0,1.0,74.0,1.0,36.76645618970692,4.0,,0.0,31.712159413403068,40.524545707783126,39.320420504698106
NHANES,76,0,0.0,43.0,0.0,22.044174471344743,5.4,,0.0,32.978422565856306,33.93048565377723,30.22373041017575
NHANES,77,0,0.0,47.0,0.0,24.927243378263736,5.3,,0.0,32.70634445377382,34.754092240558975,31.361432835700874
NHANES,78,0,0.0,47.0,0.0,22.48142016051793,5.6,,0.0,34.150048115197485,37.30321126630904,33.94396270338571
NHANES,79,0,0.0,43.0,0.0,25.07792711480544,5.3,,0.0,32.69912328644102,34.275827118700064,30.689471028114728
NHANES,80,0,1.0,43.0,0.0,23.25968613404951,5.3,,0.0,33.4824278478135,40.23539747753569,37.58928160782952
NHANES,81,0,0.0,80.0,1.0,28.80402996992554,4.8,,0.0,32.10498193245422,40.44650837048533,38.50198635732334
NHANES,82,0,0.0,48.0,0.0,20.736066857563024,5.2,,0.0,32.37580913797816,31.347374364554327,27.69739756136117
NHANES,83,0,0.0,41.0,0.0,23.35484960967586,5.6,,0.0,34.14591401715106,36.93455648810758,33.32314820756069
NHANES,84,0,0.0,85.0,1.0,21.83143726966832,5.2,,0.0,32.88183037418967,42.54532312245365,40.678578750115534
NHANES,85,0,0.0,46.0,0.0,24.885588745948887,5.0,,0.0,32.07140624766606,30.72516212083821,27.1009487564462
NHANES,86,0,1.0,40.0,0.0,27.431175592936206,5.3,,0.0,33.64315075748111,42.06291509089591,39.512158408224494
NHANES,87,0,0.0,44.0,0.0,22.008578190331768,5.0,,0.0,32.04190592120574,28.895659084565093,24.99954904099537
NHANES,88,0,0.0,50.0,0.0,20.54414343741145,5.6,,0.0,34.08970027861965,36.67921730475675,33.35707857143965
NHANES,89,0,0.0,43.0,0.0,29.982075932866223,5.1,,0.0,32.31016115347969,34.339834260992085,30.925299746978613
NHANES,90,0,0.0,48.0,0.0,24.401336502575017,5.4,,0.0,33.05982731640302,35.89953364069697,32.58582583745081
NHANES,91,0,0.0,48.0,0.0,27.11302713369983,5.3,,0.0,32.763481686990694,36.07138703844176,32.85898296484926
NHANES,92,0,0.0,48.0,0.0,25.22675736961452,5.5,,0.0,33.5919119211292,37.63304819603385,34.42775603068016
NHANES,1,1,0.0,76.0,4.9,79.5,175.7,,0.0,42.60214949826396,38.43785488906408,41.05235342326336
NHANES,2,1,0.0,49.0,5.5,62.8,167.6,,0.0,43.46304234076609,39.54428020435665,43.13117744512108
NHANES,3,1,0.0,43.0,5.3,70.7,166.3,,0.0,43.00581664238096,37.45018966138738,41.15081387472696
NHANES,4,1,0.0,41.0,5.2,54.1,165.0,,0.0,42.79446257737453,33.191298891799384,37.44736451278636
NHANES,5,1,1.0,44.0,5.2,69.3,166.0,,0.0,43.22036871115284,43.07617773173676,45.82658653143911
NHANES,6,1,0.0,73.0,6.1,66.5,156.9,,0.0,49.34907909906343,53.77706597060426,55.01531349396453
NHANES,7,1,0.0,80.0,6.1,58.1,158.29999999999998,,0.0,49.21208291443093,53.410411559602544,54.62483791751691
NHANES,8,1,0.0,70.0,8.6,106.1,163.2,,1.0,99.88001870833676,90.7892316441243,89.94216081708527
NHANES,9,1,1.0,40.0,5.5,74.2,174.4,,0.0,44.45316903729482,45.72709310155842,48.88740041989488
NHANES,10,1,0.0,85.0,6.2,89.5,179.5,,1.0,50.00017603042392,57.72426368345141,59.05886577086744
NHANES,11,1,1.0,74.0,6.1,62.4,154.7,,1.0,50.04126381308837,60.502391397936265,60.688568136221605
NHANES,12,1,1.0,43.0,5.7,69.6,170.2,,0.0,46.19797680120651,48.66724735317245,51.42442982613122
NHANES,13,1,0.0,60.0,5.9,110.4,175.5,,0.0,47.79872071674141,53.52292827710055,55.446264930676776
NHANES,14,1,0.0,78.0,5.8,69.6,169.1,,0.0,45.56043863672839,49.55657087869888,51.40062368130498
NHANES,15,1,0.0,78.0,6.0,59.7,151.8,,0.0,48.00262010058024,53.02913715161024,53.94947952542186
NHANES,16,1,0.0,46.0,5.9,69.1,161.8,,0.0,46.313973707471376,46.03019256016384,48.98332010558085
NHANES,17,1,1.0,69.0,7.3,151.9,166.0,,1.0,98.98850469428795,88.3491508713962,86.2109858941412
NHANES,18,1,1.0,58.0,6.3,115.6,166.9,,1.0,67.25683387225128,67.33450502094232,67.44814426955698
NHANES,19,1,1.0,76.0,6.3,122.1,182.8,,1.0,69.16782712545735,69.30893432456642,69.3283918228484
NHANES,20,1,1.0,70.0,6.2,56.6,144.0,,1.0,51.371429762225,61.67693296468877,61.4984243137015
NHANES,21,1,0.0,74.0,6.4,68.8,153.0,,1.0,52.43044452626555,58.752089488030485,59.44902925724461
NHANES,22,1,0.0,74.0,5.8,61.2,154.7,,0.0,45.463422600765135,49.57683625789418,50.95794734654798
NHANES,23,1,0.0,80.0,9.2,68.7,154.9,,1.0,99.9456066211715,95.13216429081535,93.97321161225956
NHANES,24,1,1.0,60.0,6.2,101.0,163.9,,1.0,55.61665551665634,64.39900575599349,64.70202397050184
NHANES,25,1,1.0,69.0,5.9,74.0,169.4,,0.0,49.34606779196351,56.80269528920956,57.95238754971355
NHANES,26,1,1.0,70.0,5.9,69.0,166.6,,0.0,49.24405927593386,56.55764673741461,57.6243108652653
NHANES,27,1,1.0,65.0,5.9,82.7,170.3,,0.0,49.51645561946168,57.41817274440962,58.576459415634055
NHANES,28,1,0.0,80.0,6.4,71.7,164.7,,1.0,52.60247408720053,58.56843544629916,59.61550189376447
NHANES,29,1,0.0,76.0,6.4,83.6,180.0,,1.0,53.35802696769727,57.55323445958199,59.42282345199729
NHANES,30,1,0.0,43.0,5.8,80.9,167.1,,0.0,45.44456940194168,45.41851423585098,48.57743407521363
NHANES,31,1,1.0,45.0,5.7,76.2,175.1,,0.0,46.39119622966984,49.41220583213686,52.187292453526176
NHANES,32,1,0.0,69.0,5.9,85.2,168.1,,0.0,47.08713115031152,51.99396845158305,53.72133809699853
NHANES,33,1,1.0,81.0,7.9,103.4,167.79999999999998,,1.0,99.688409394135,89.64438212890641,88.04741219367499
NHANES,34,1,0.0,80.0,6.0,71.1,156.6,,0.0,48.360565405521335,54.60477796769881,55.39894890807725
NHANES,35,1,1.0,66.0,6.3,98.1,153.9,,1.0,65.1861695360035,67.7777588118521,67.17258026734335
NHANES,36,1,1.0,62.0,6.2,104.5,164.1,,1.0,56.46859434783856,65.32693397556523,65.44120456421462
NHANES,37,1,1.0,80.0,6.3,56.4,161.60000000000002,,1.0,56.35381637581547,62.073716616017165,62.443876074999245
NHANES,38,1,0.0,50.0,5.8,66.6,165.39999999999998,,0.0,45.22095694990652,44.51747320213417,47.62693770880615
NHANES,39,1,1.0,76.0,6.3,85.7,152.2,,1.0,63.26981995903407,67.74470160137501,66.88423849552913
NHANES,40,1,1.0,40.0,5.5,79.2,168.4,,0.0,44.577756174504245,47.48265803606273,50.12202844102551
NHANES,41,1,0.0,74.0,5.9,91.8,169.79999999999998,,0.0,47.38978740300887,53.76727607867556,55.15997512939121
NHANES,42,1,1.0,77.0,6.3,74.9,159.9,,1.0,59.90103549006327,64.92865772555506,64.81212547028163
NHANES,43,1,0.0,74.0,6.4,93.6,164.7,,1.0,55.23189102440072,61.19923156317189,61.92023043061506
NHANES,44,1,0.0,48.0,5.7,67.1,158.7,,0.0,44.48405877274138,43.97949450855092,46.81387050549664
NHANES,45,1,0.0,50.0,5.8,44.3,149.8,,0.0,44.90824734055022,43.08401359424492,45.85233897895552
NHANES,46,1,0.0,52.0,5.7,59.9,158.9,,0.0,44.39708850900191,43.45278653370215,46.30470209528414
NHANES,47,1,0.0,80.0,6.0,103.8,166.79999999999998,,0.0,49.34926733526851,58.62073263935704,59.11783824930416
NHANES,48,1,0.0,46.0,6.0,83.4,186.5,,0.0,48.07599894249131,46.00145069446114,50.03791919756805
NHANES,49,1,0.0,80.0,6.0,80.8,164.9,,0.0,48.55649809116226,54.99963394063718,56.03744798783421
NHANES,50,1,0.0,80.0,5.8,48.4,147.0,,0.0,45.33445475118628,49.6549483218193,50.6165654146957
NHANES,51,1,0.0,77.0,6.0,64.4,166.3,,0.0,47.95876140977502,51.45651180733494,53.20444427337552
NHANES,52,1,0.0,80.0,6.0,79.1,169.5,,0.0,48.43379639196115,54.01618186290571,55.39214291802365
NHANES,53,1,0.0,46.0,5.7,85.6,179.0,,0.0,44.66353273872948,43.69415200079816,47.37524486524059
NHANES,54,1,1.0,61.0,8.4,110.2,164.9,,1.0,99.88397623496734,93.95937489371984,92.69415661545486
NHANES,55,1,1.0,54.0,8.2,107.8,161.60000000000002,,1.0,99.8275670924492,90.23546420296232,89.30426365954516
NHANES,56,1,0.0,46.0,4.9,66.3,155.9,,0.0,42.58025525992702,33.73331198069185,36.99415762532651
NHANES,57,1,1.0,48.0,5.4,68.3,178.4,,0.0,43.87456181807457,44.303135118903256,47.54081919689648
NHANES,58,1,0.0,80.0,5.2,70.0,173.5,,0.0,42.89710523682893,41.6963543091882,44.06391133851584
NHANES,59,1,0.0,44.0,5.1,81.3,185.9,,0.0,42.7423505472742,33.93097886201598,38.62946407972099
NHANES,60,1,0.0,78.0,5.4,60.6,163.1,,0.0,43.266076473566265,43.84854431013129,45.81291972564824
NHANES,61,1,0.0,49.0,5.6,72.8,168.0,,0.0,43.94705267834351,42.45421249498024,45.71937114431337
NHANES,62,1,0.0,66.0,4.9,88.5,166.4,,0.0,42.64009649644076,39.55420794407824,41.82966988399088
NHANES,63,1,1.0,51.0,5.5,52.3,163.0,,0.0,44.23405554445641,45.72627889823249,48.2434253283264
NHANES,64,1,0.0,40.0,5.5,50.7,147.6,,0.0,43.416177013293854,38.87288561847196,42.00294959893928
NHANES,65,1,0.0,41.0,5.3,49.0,158.20000000000002,,0.0,42.926620303012,34.62274508021993,38.53762950195085
NHANES,66,1,0.0,45.0,5.1,53.6,167.5,,0.0,42.68799166322804,32.18450550757143,36.47030558797407
NHANES,67,1,0.0,43.0,5.1,56.5,161.60000000000002,,0.0,42.69738741686904,33.20472040416521,37.13701430880859
NHANES,68,1,0.0,47.0,5.5,63.2,154.20000000000002,,0.0,43.5155221252814,41.272212633698274,44.105603873192834
NHANES,69,1,0.0,43.0,4.9,90.2,176.8,,0.0,42.59533236935673,34.09318321949439,38.133907916411104
NHANES,70,1,0.0,51.0,5.3,57.1,167.0,,0.0,42.96383395703147,36.487404101210544,40.21901373154657
NHANES,71,1,0.0,40.0,5.1,61.7,151.89999999999998,,0.0,42.73476235686832,35.00781878792162,38.33198744965007
NHANES,72,1,0.0,40.0,5.1,48.0,154.29999999999998,,0.0,42.683942095855386,32.31761086737979,36.1860062258424
NHANES,73,1,1.0,73.0,4.8,62.5,167.5,,0.0,42.65215965222144,41.879234832922535,43.696115668704415
NHANES,74,1,0.0,46.0,5.4,61.0,152.5,,0.0,43.220687500652254,39.70218525819206,42.60207126182232
NHANES,75,1,1.0,74.0,4.0,91.9,158.1,,0.0,42.39105556996192,38.306173657597625,39.11618362091001
NHANES,76,1,0.0,43.0,5.4,55.8,159.1,,0.0,43.148871801601295,37.27688857817949,40.89248276994962
NHANES,77,1,0.0,47.0,5.3,67.7,164.79999999999998,,0.0,43.0036073814341,37.89381623152225,41.38448481774416
NHANES,78,1,0.0,47.0,5.6,75.7,183.5,,0.0,43.97072540340836,40.24302739157402,44.500777126007456
NHANES,79,1,0.0,43.0,5.3,83.8,182.8,,0.0,43.042963362165686,37.18454978978869,41.54701339031797
NHANES,80,1,1.0,43.0,5.3,73.2,177.4,,0.0,43.50361380757077,43.106924419555725,46.45304579342193
NHANES,81,1,0.0,80.0,4.8,75.5,161.9,,0.0,42.559733770886574,39.29766605068312,41.01706918984554
NHANES,82,1,0.0,48.0,5.2,55.5,163.6,,0.0,42.80924405404237,34.912591752426124,38.68739945856328
NHANES,83,1,0.0,41.0,5.6,56.4,155.4,,0.0,43.78630456854066,40.11650844813119,43.46330975906635
NHANES,84,1,0.0,85.0,5.2,54.5,158.0,,0.0,42.87989919453452,42.31178492577163,43.89714839392327
NHANES,85,1,0.0,46.0,5.0,77.7,176.7,,0.0,42.64445842902568,33.80072245297664,37.98283761528488
NHANES,86,1,1.0,40.0,5.3,66.5,155.7,,0.0,43.52596261389749,44.700058259191856,47.02482648624402
NHANES,87,1,0.0,44.0,5.0,55.5,158.8,,0.0,42.61511453833505,32.36812137835876,36.16241233231442
NHANES,88,1,0.0,50.0,5.6,61.7,173.3,,0.0,43.85014425962414,39.949594723090016,43.81633163219185
NHANES,89,1,0.0,43.0,5.1,78.2,161.5,,0.0,42.77172455495905,36.90693221991394,40.21003108624906
NHANES,90,1,0.0,48.0,5.4,74.9,175.2,,0.0,43.23798164365725,38.99970854153278,42.82760104532175
NHANES,91,1,0.0,48.0,5.3,68.2,158.6,,0.0,43.031469138654,39.09668910768204,42.13258452825692
NHANES,92,1,0.0,48.0,5.5,71.2,168.0,,0.0,43.52027401914819,40.72943291161455,44.15079610908975
AirQuality,1,0,107.0,203.0,4700.0,0.0,999.9,,346.0,395.7165643378864,419.864104679308,421.0309894640488
AirQuality,2,0,27.0,141.0,4100.0,0.0,1019.0,,263.0,292.4357152646675,290.94373104122883,291.02492719329825
AirQuality,3,0,36.0,115.0,7400.0,0.4,1010.7,,446.0,410.5527318398012,410.3440579382354,409.3945658656348
AirQuality,4,0,14.0,170.0,8000.0,0.1,1019.4,,462.0,472.93589086987896,458.3856404376803,458.0492357528889
AirQuality,5,0,11.0,108.0,5000.0,3.2,1020.2,,306.0,290.00733721188647,282.3352325035397,281.8255375002326
AirQuality,6,0,19.0,41.0,2900.0,0.4,1012.0,,149.0,166.63303332707557,171.806744056471,170.61637019584808
AirQuality,7,0,33.0,140.0,4800.0,0.0,1010.0,,296.0,334.8705816503353,334.29832226463907,334.2298681841363
AirQuality,8,0,114.0,184.0,7299.0,3.9,996.5,,534.0,475.7640023250688,499.3629370854485,499.91195348411713
AirQuality,9,0,22.0,116.0,5100.0,0.1,1024.7,,296.0,298.20356189221206,296.24362199042463,295.73713736965493
AirQuality,10,0,11.0,133.0,9000.0,0.3,1017.3,,507.0,481.7778312701444,467.940491655106,466.8378209390273
AirQuality,11,0,2.0,53.0,3100.0,0.0,1018.3,,176.0,177.49147859111784,174.83655142681772,173.70925575664705
AirQuality,12,0,19.0,163.0,7600.0,0.4,1019.0,,419.0,450.0173074254432,438.5711434383169,438.2454286301564
AirQuality,13,0,31.0,167.0,3900.0,0.0,1009.0,,313.0,326.9326615154656,323.94395703371856,324.4568788496216
AirQuality,14,0,2.0,126.0,2100.0,0.3,1015.1,,239.0,211.3514307137196,202.53299534470693,202.7151945336149
AirQuality,15,0,40.0,96.0,2500.0,3.3,998.2,,195.0,217.62592267069587,224.30794419204847,224.2206711155731
AirQuality,16,0,41.0,128.0,4200.0,0.3,1025.7,,275.0,268.5206886615365,274.62724278549183,274.5708538807036
AirQuality,17,0,17.0,60.0,1900.0,0.2,1021.0,,124.0,128.92376945190128,133.63568286623217,132.93268700351902
AirQuality,18,0,98.0,84.0,3600.0,2.8,1012.9,,256.0,223.20827237011028,245.80547222928004,245.5328046177913
AirQuality,19,0,74.0,172.0,4700.0,0.4,997.5,,421.0,376.2766460561828,388.8659567600583,389.45637613318286
AirQuality,20,0,3.0,87.0,1900.0,0.1,1016.2,,178.0,165.6430155691258,161.39782659788898,161.03347531853692
AirQuality,21,0,2.0,144.0,2600.0,0.4,1011.3,,295.0,254.51417870681985,242.9589604070433,243.3064411663713
AirQuality,22,0,48.0,147.0,4800.0,0.3,1016.0,,299.0,326.7183037680392,332.32651415908845,332.4435212744699
AirQuality,23,0,4.0,178.0,3600.0,0.0,1007.6,,295.0,332.67358192873434,317.35231688747456,317.9857308622927
AirQuality,24,0,34.0,142.0,4500.0,0.1,1010.0,,303.0,324.591798914856,324.57481632285806,324.6069204620023
AirQuality,25,0,28.0,104.0,4400.0,0.4,1021.1,,278.0,264.816518337678,266.9139262982688,266.4045608292432
AirQuality,26,0,24.0,161.0,8300.0,0.4,1021.6,,418.0,469.7432493060446,460.0212308348214,459.54380419174015
AirQuality,27,0,2.0,76.0,1500.0,0.2,1008.6,,180.0,154.14693520957414,150.2151022059474,149.75860495084646
AirQuality,28,0,23.0,43.0,1600.0,2.8,1004.9,,132.0,124.79258110752691,131.24116077707453,130.46707103029746
AirQuality,29,0,15.0,23.0,1000.0,2.6,998.0,,95.0,97.72831321450234,102.8120060645154,101.81232757125828
AirQuality,30,0,11.0,12.0,1000.0,4.5,999.4,,83.0,81.11526920131311,84.77867132634131,83.68964663122999
AirQuality,31,0,3.0,85.0,2600.0,0.0,1008.7,,207.0,205.5770885535168,199.98116001274985,199.42650456583368
AirQuality,32,0,21.0,25.0,800.0,3.1,998.8,,101.0,88.04594114384233,95.58577689551068,94.7051308902656
AirQuality,33,0,18.0,157.0,4300.0,0.2,1017.0,,353.0,319.92452070902215,312.54128222775506,312.79239697009166
AirQuality,34,0,16.0,120.0,3300.0,0.4,1016.9,,230.0,246.64949448116428,243.03904162098493,242.9444536167743
AirQuality,35,0,16.0,86.0,3900.0,0.4,1008.7,,279.0,254.1375393100372,252.21926890167543,251.47951948316617
AirQuality,36,0,2.0,62.0,1200.0,0.3,1011.4,,120.0,123.92634592343316,121.91581157877783,121.32045492449016
AirQuality,37,0,22.0,47.0,1000.0,2.6,1020.6,,87.0,75.97513211558174,83.9806372496181,83.40008631588378
AirQuality,38,0,37.0,97.0,2200.0,0.2,1008.9,,216.0,194.3757710271799,202.5570667595321,202.4058327308229
AirQuality,39,0,4.0,119.0,3800.0,0.0,1007.2,,306.0,286.6202635571317,276.61502052359435,276.32293290176096
AirQuality,40,0,77.0,111.0,1900.0,3.0,1005.8,,230.0,205.6453533226868,210.69939420017045,211.1007680136412
AirQuality,41,0,26.0,66.0,1500.0,2.6,1021.3,,127.0,111.09585888131716,118.46376396910745,118.08075308302996
AirQuality,42,0,37.0,143.0,7200.0,0.0,1018.4,,442.0,414.8562676621588,413.60332767375183,413.11082663938464
AirQuality,43,0,13.0,138.0,2700.0,0.0,1009.5,,275.0,255.3270891212568,248.9237090341961,249.1818338333958
AirQuality,44,0,12.0,201.0,2800.0,0.0,1012.1,,313.0,312.8156310566849,300.13992639740826,301.32070201782085
AirQuality,45,0,4.0,103.0,1800.0,0.4,1018.3,,182.0,171.69793499936088,166.5471747114238,166.46403999234573
AirQuality,46,0,7.0,109.0,1900.0,0.3,1014.4,,196.0,188.26291489124333,183.36573356607016,183.3530328934426
AirQuality,47,0,67.0,88.0,4000.0,0.0,1012.0,,238.0,245.8447164161483,265.8810980771815,265.3336635135988
AirQuality,48,0,22.0,133.0,4200.0,0.0,1014.3,,271.0,298.68967183358205,295.2418702845706,295.1564648904723
AirQuality,49,0,2.0,76.0,1000.0,0.0,1000.8,,137.0,149.83941553741295,145.84723451131123,145.4735609086762
AirQuality,50,0,51.0,52.0,2800.0,4.2,1001.1,,182.0,179.12150685652057,194.16564628990085,193.4461348743002
AirQuality,51,0,9.0,61.0,4300.0,0.0,1013.0,,249.0,240.62497780941845,238.215275861081,236.97886874308543
AirQuality,52,0,27.0,102.0,2000.0,0.0,998.4,,206.0,213.24681475277592,215.9976002937013,215.89946713289527
AirQuality,53,0,2.0,41.0,1100.0,0.4,998.6,,129.0,124.56577654622204,123.36923862862534,122.46625383086712
AirQuality,54,0,39.0,108.0,3200.0,0.0,1025.0,,241.0,213.2959983804789,221.7388535982343,221.567104035458
AirQuality,55,0,31.0,156.0,4900.0,0.2,1011.0,,372.0,351.5729275695814,348.51103962345843,348.66456942671846
AirQuality,56,0,21.0,109.0,5300.0,0.3,1011.7,,304.0,323.8442597249923,320.51088182689307,319.84487434559355
AirQuality,57,0,135.0,122.0,4200.0,0.3,1019.8,,354.0,302.51864509482937,304.20537215013763,304.4136569796346
AirQuality,58,0,10.0,55.0,1200.0,0.4,1024.25,,95.0,91.51785276906396,94.79550333876102,94.14947600207762
AirQuality,59,0,31.0,128.0,3300.0,0.0,1019.3,,279.0,247.88149844612505,250.3337854225334,250.4017093351996
AirQuality,60,0,14.0,135.0,2700.0,0.0,1016.6,,241.0,238.9402644687977,233.94350194786043,234.1708312653004
AirQuality,61,0,11.0,135.0,2500.0,0.0,1006.9,,221.0,249.99731987074605,243.014609937884,243.2577049333504
AirQuality,62,0,10.0,109.0,3200.0,0.4,1006.3,,267.0,253.6478689811088,247.6056347165956,247.32850519710172
AirQuality,63,0,51.0,129.0,3000.0,0.0,1011.5,,269.0,248.41575702048084,258.9060951574785,259.1170316316351
AirQuality,64,0,6.0,95.0,2400.0,0.0,1010.0,,180.0,204.0448350701428,199.1506849680935,198.80063033252728
AirQuality,65,0,21.0,124.0,5500.0,3.0,1017.4,,317.0,328.4156107681516,322.701402356374,322.3530856542717
AirQuality,66,0,30.0,105.0,3300.0,0.1,1011.1,,254.0,242.0425845206969,245.4007449879864,245.1131899802352
AirQuality,67,0,5.0,86.0,4500.0,0.4,1017.0,,282.0,263.76330339440096,257.2345023520474,256.3401283695524
AirQuality,68,0,50.0,29.0,1800.0,3.3,1001.6,,144.0,127.32487287266146,138.57833302327646,137.67608865036544
AirQuality,69,0,14.0,67.0,1200.0,2.7,1006.8,,145.0,129.5639915983567,130.61664873632577,130.24804059928675
AirQuality,70,0,18.0,184.0,9000.0,0.4,1021.6,,473.0,519.4233898966752,504.1062551778337,503.80525334837625
AirQuality,71,0,72.0,124.0,5700.0,0.1,1015.0,,360.0,338.8418099419964,355.76959079744813,355.4378537553528
AirQuality,72,0,19.0,156.0,3900.0,0.1,1005.8,,321.0,324.6276006596584,317.20350507819893,317.5053969987995
AirQuality,73,0,23.0,52.0,1800.0,0.2,1007.3,,161.0,142.50884428120105,149.31942703885943,148.52068013875004
AirQuality,74,0,14.0,142.0,5900.0,0.0,1013.0,,342.0,377.2911515115874,367.37763304625935,367.0424893852333
AirQuality,75,0,34.0,114.0,3800.0,0.0,1024.5,,261.0,244.1031323708362,249.0635906939396,248.83751561586627
AirQuality,76,0,9.0,70.0,3400.0,0.4,1012.0,,235.0,214.73840761888,212.2851111851351,211.3869454666196
AirQuality,77,0,78.0,130.0,2200.0,3.7,1004.2,,256.0,218.56849187598195,238.99820578017133,239.65630548051465
AirQuality,78,0,107.0,147.0,6200.0,2.7,1011.0,,363.0,375.1349695440222,402.5839226511566,402.7440864116694
AirQuality,79,0,23.0,80.0,1100.0,0.3,1009.6,,153.0,136.48911765584975,141.67383014512737,141.44722473750005
AirQuality,80,0,76.0,152.0,4400.0,0.4,1013.0,,285.0,316.35634872295685,333.5803920827602,333.9635177495518
AirQuality,81,0,9.0,213.0,8000.0,0.4,1016.7,,473.0,518.0110233066629,496.8416221062077,497.1399607325494
AirQuality,82,0,8.0,209.0,3600.0,0.0,1016.5,,370.0,343.84511056973935,328.15993194738417,329.2859005212898
AirQuality,83,0,24.0,44.0,1100.0,2.7,1006.2,,120.0,103.78146243278688,111.3454927922428,110.69089883377995
AirQuality,84,0,104.0,151.0,3700.0,2.8,1015.0,,292.0,273.84720738608127,303.0283246366738,303.7645221552137
AirQuality,85,0,9.0,47.0,1600.0,0.4,1025.0,,96.0,98.49495343519592,101.69118656764677,100.83981751653384
AirQuality,86,0,114.0,139.0,3200.0,3.3,1020.0,,262.0,260.18871033080177,266.2925504910966,267.02172103898084
AirQuality,87,0,23.0,202.0,3500.0,0.2,1014.8,,368.0,333.6309037084135,324.86960934546846,325.9762656153988
AirQuality,88,0,46.0,156.0,2900.0,0.0,1007.2,,277.0,278.50212703818323,283.9981611284516,284.6085906326225
AirQuality,89,0,39.0,160.0,6500.0,0.0,1015.7,,469.0,408.0071083090148,406.5827079881561,406.4934397983629
AirQuality,90,0,12.0,26.0,700.0,4.7,1006.1,,64.0,69.03129831008376,72.72029066494896,71.92589132393672
AirQuality,91,0,2.0,29.0,900.0,3.9,991.4,,112.0,111.0416401435493,108.87372761673736,107.98559858454638
AirQuality,92,0,14.0,193.0,2100.0,0.4,1003.0,,286.0,293.9925984139464,282.7026337637013,283.921700313413
AirQuality,93,0,6.0,20.0,900.0,2.6,994.2,,97.0,99.7782614031801,101.05728792142015,99.99311750498472
AirQuality,94,0,15.0,143.0,4000.0,0.0,1019.9,,307.0,290.7341564603002,284.1436421418016,284.2304330488465
AirQuality,95,0,5.0,43.0,1000.0,0.0,997.5,,114.0,125.01684516479236,125.1127662340832,124.25172245367492
AirQuality,96,0,7.0,150.0,2400.0,0.4,1014.1,,233.0,246.0964760460855,236.62265838497007,237.1247327380329
AirQuality,97,0,42.0,171.0,4000.0,0.0,1019.0,,309.0,313.7312372284454,315.91264547911425,316.5217256398661
AirQuality,98,0,5.0,70.0,1900.0,0.4,1013.4,,178.0,154.15460264957196,151.96024586404835,151.35901196651565
AirQuality,99,0,2.0,36.0,1200.0,0.4,997.4,,115.0,126.1155922946384,125.15414299173912,124.1538558545785
AirQuality,100,0,24.0,81.0,3600.0,0.0,1026.1,,205.0,204.4202202408259,208.64710808237547,207.93191993474915
AirQuality,101,0,34.0,119.0,2600.0,2.7,1016.7,,196.0,210.25420497310228,214.1668414062449,214.3788463609196
AirQuality,102,0,39.0,95.0,3000.0,3.7,1012.7,,192.0,208.0284478103284,215.0011265416211,214.8312298559184
AirQuality,103,0,45.0,102.0,3100.0,2.8,1015.4,,236.0,214.3933073208852,223.82760177777493,223.72685410834887
AirQuality,104,0,62.0,98.0,2400.0,3.2,1016.0,,204.0,178.34260461814117,196.131492662272,196.2009001135985
AirQuality,105,0,31.0,62.0,1500.0,2.8,1004.7,,135.0,137.48259504530284,145.6429112558406,145.2046518158292
AirQuality,106,0,11.0,24.0,700.0,4.1,1003.1,,72.0,74.43890346976112,77.87995167020256,77.01935660884848
AirQuality,107,0,28.0,194.0,3600.0,0.1,1005.8,,311.0,346.54311168680255,339.7175977473906,340.685382949442
AirQuality,108,0,3.0,80.0,1500.0,2.6,1012.9,,132.0,143.90083593476746,139.30655472815988,139.03221642311112
AirQuality,109,0,92.0,125.0,1899.0,0.0,1015.4,,244.0,234.7733094535525,217.35480510711184,217.897637363186
AirQuality,110,0,8.0,118.0,7500.0,0.3,1021.5,,393.0,401.8350775033341,390.3809274075072,389.35847082685154
AirQuality,111,0,37.0,147.0,2700.0,0.0,1014.9,,228.0,249.323542786058,252.8324583127148,253.32586595579528
AirQuality,112,0,20.0,152.0,3700.0,0.2,1017.1,,258.0,291.3148314819234,286.00022924739733,286.3084793532965
AirQuality,113,0,27.0,96.0,1400.0,0.4,1011.8,,143.0,157.94227094828796,163.11761996219823,163.09185292317096
AirQuality,114,0,16.0,88.0,4600.0,0.3,1022.0,,283.0,258.4082990109347,256.7968195951399,255.95674830150708
AirQuality,115,0,23.0,44.0,1200.0,4.3,1004.4,,125.0,107.50788839834225,113.59349047490132,112.98652510526075
AirQuality,116,0,174.0,128.0,5600.0,0.0,1014.9,,383.0,380.5008263921391,381.7846268394353,381.9226194206321
AirQuality,117,0,4.0,123.0,5600.0,0.2,1021.3,,325.0,333.5117942331057,322.219989336631,321.6451147848987
AirQuality,118,0,29.0,116.0,1200.0,2.8,1003.8,,184.0,177.8019867997186,180.26219398759545,180.6856453981733
AirQuality,119,0,5.0,153.0,3300.0,0.0,1006.2,,309.0,300.2809589637039,287.9871906233182,288.31013119690897
AirQuality,120,0,69.0,76.0,2300.0,0.4,1011.0,,166.0,182.8974144547984,192.7214946921725,192.37106844541395
AirQuality,121,0,10.0,146.0,9700.0,0.4,1022.0,,456.0,512.2113566302388,496.2738912547944,495.2286752376356
AirQuality,122,0,66.0,108.0,1500.0,0.1,1005.5,,196.0,199.7061168421136,198.9755002787548,199.2362436123047
AirQuality,123,0,46.0,78.4246,1400.0,0.2,1010.9,,164.0,146.46389802852343,155.53840696931977,155.31217761044985
AirQuality,124,0,25.0,136.0,5400.0,0.4,1027.2,,301.0,322.4939365943115,319.65364980150287,319.41382432521186
AirQuality,125,0,43.0,148.0,5400.0,0.3,1013.5,,409.0,356.6813515504988,359.08577466334174,359.0706873852166
AirQuality,126,0,32.0,119.0,2900.0,0.3,1016.2,,208.0,228.90731262425024,232.68279621715143,232.71210537882465
AirQuality,127,0,73.0,159.0,3600.0,3.2,1015.0,,260.0,281.7229139873776,296.85485611336924,297.6305105954816
AirQuality,128,0,11.0,34.0,2000.0,0.4,994.9,,169.0,158.7159530648198,160.56354203503622,159.3989262572162
AirQuality,129,0,13.0,159.0,3600.0,0.4,1015.0,,305.0,298.5930190939808,289.4501850854847,289.8632274512614
AirQuality,130,0,41.0,101.0,2900.0,0.4,1020.8,,213.0,201.75696596474484,211.4830752472824,211.2889166148233
AirQuality,131,0,4.0,116.0,1600.0,0.4,1006.4,,222.0,198.44058985602103,191.13444058150773,191.27015564716908
AirQuality,132,0,85.0,138.0,3200.0,0.4,1022.5,,243.0,236.9744521244764,261.75899805788833,262.2292546162074
AirQuality,133,0,26.0,189.9025,2300.0,0.0,1011.2,,270.0,282.30300750311983,277.17351704209415,278.34432738921424
AirQuality,134,0,11.0,121.0,2300.0,0.0,1009.5,,236.0,224.29825655266328,219.14249236713115,219.2210742624942
AirQuality,135,0,15.0,165.0,2300.0,0.2,1019.6,,244.0,244.7649682637796,238.03493860941296,238.8118374198208
AirQuality,136,0,3.0,186.0,3900.0,0.2,1014.8,,362.0,337.8791381463406,321.6174604983294,322.3245039706525
AirQuality,137,0,10.0,97.0,2899.0,0.2,1007.3,,204.0,229.3516523209881,225.0071712371304,224.6047145379588
AirQuality,138,0,98.0,92.0,3299.0,0.0,1009.8,,223.0,243.0639205186182,254.51923478852683,254.29329156588005
AirQuality,139,0,48.0,164.0,4000.0,0.4,1012.0,,354.0,318.5295834703947,323.060653455118,323.5966531635268
AirQuality,140,0,60.0,142.0,3900.0,0.4,1011.0,,281.0,294.0869658548555,305.84846168646504,306.1205970236017
AirQuality,141,0,14.0,122.0,1800.0,0.0,1015.5,,198.0,193.8137529598303,191.03976895136333,191.2570424844006
AirQuality,142,0,41.0,199.0,2700.0,0.0,1015.7,,276.0,295.26870262116483,295.6275597395461,296.9162888413972
AirQuality,143,0,13.0,137.0,3500.0,0.3,1015.7,,294.0,273.2259920730535,266.4084339627507,266.50904863408084
AirQuality,144,0,37.0,179.0,4900.0,0.1,1010.7,,350.0,372.64170146529153,369.974276469845,370.4903040290584
AirQuality,145,0,5.0,43.0,900.0,0.1,1004.3,,97.0,108.00393154836136,108.84059930453704,108.0147541965643
AirQuality,146,0,94.0,139.0,5500.0,0.4,1011.0,,338.0,348.0062796904505,372.6056494932501,372.6331310066521
AirQuality,147,0,10.0,120.0,5800.0,3.1,1016.2,,314.0,340.35890020466564,329.80184383702687,329.29200774093533
AirQuality,148,0,8.0,76.0,2400.0,0.4,1001.2,,193.0,201.82549750718707,198.5372369523968,197.91634589869344
AirQuality,149,0,14.0,116.0,5800.0,0.4,1017.0,,344.0,340.7999989148381,333.67900974524616,332.9996798650445
AirQuality,150,0,15.0,104.0,5000.0,0.2,1017.1,,281.0,298.5346790002518,294.0580011545575,293.3591500609434
AirQuality,151,0,33.0,146.0,2200.0,0.0,1010.6,,246.0,237.68197888427324,239.7677645693917,240.32798108206623
AirQuality,152,0,62.0,120.0,5200.0,0.0,1015.5,,359.0,316.6020167378473,330.3491948393237,330.0184346325508
AirQuality,153,0,79.0,136.0,6200.0,0.2,1020.3,,368.0,358.0258113270566,376.6633715582501,376.4472610651313
AirQuality,154,0,8.0,184.0,3500.0,0.1,1010.6,,368.0,327.72187904269964,313.9060613723126,314.6744794665301
AirQuality,155,0,11.0,134.0,6900.0,0.4,1018.7,,351.0,397.750823948801,386.4679013304269,385.8214036059027
AirQuality,156,0,49.0,65.0,1200.0,2.8,995.3,,144.0,152.5346687052542,158.23857010265357,157.96323523592793
AirQuality,157,0,14.0,18.0,1100.0,2.6,999.0,,94.0,95.28583972277336,100.39352312456953,99.29586162870572
AirQuality,158,0,19.0,180.0,7300.0,0.0,1021.0,,419.0,451.1877755228464,438.8782757267482,438.8534084616728
AirQuality,159,0,2.0,18.0,1000.0,3.5,1000.8,,90.0,87.91426212244505,87.77739577399845,86.6987463223581
AirQuality,160,0,13.0,70.0,1400.0,3.4,1027.0,,112.0,100.4529870775104,102.19925704496788,101.89226323133984
AirQuality,161,0,31.0,161.0,4400.0,0.0,1014.1,,328.0,331.26504712493625,328.73585375196325,329.0628473353712
AirQuality,162,0,17.0,192.0,9800.0,0.3,1016.3,,626.0,568.5318935754832,550.5820764257444,550.2191522632767
AirQuality,163,0,84.0,189.0,4000.0,0.0,1018.4,,367.0,324.329217624747,342.6593428358218,343.6993279930848
AirQuality,164,0,5.0,112.0,3500.0,0.4,1010.6,,274.0,260.8687156434928,252.46449624611324,252.1571284135447
AirQuality,165,0,11.0,202.0,4000.0,0.1,1010.3,,395.0,363.98087590480776,349.097854386325,350.04352870749665
AirQuality,166,0,2.0,33.0,800.0,2.7,1004.9,,80.0,88.10642333769655,87.56824093538162,86.72413892307013
AirQuality,167,0,35.0,33.0,1500.0,3.1,1000.4,,133.0,117.379668117317,129.43580178998343,128.5865115506022
AirQuality,168,0,101.0,128.0,3100.0,0.4,1021.0,,258.0,247.2396440903429,256.4360631761172,256.83688505100474
AirQuality,169,0,2.0,97.0,1700.0,0.4,1005.0,,167.0,187.7497512498556,181.13453984105337,180.95528458972285
AirQuality,170,0,23.0,83.0,2700.0,4.3,1017.0,,198.0,178.38980754731872,180.180362827461,179.86529967287407
AirQuality,171,0,3.0,143.0,1800.0,0.2,1008.7,,219.0,227.5435533440697,217.32434221137,217.8131252139248
AirQuality,172,0,32.0,135.0,3300.0,0.2,1018.2,,258.0,255.80300797489565,257.81563110304126,258.00000161897094
AirQuality,173,0,2.0,80.0,1200.0,0.0,1001.7,,179.0,159.65554774836752,155.1281785887855,154.77432688837894
AirQuality,174,0,6.0,49.0,600.0,4.2,1008.1,,76.0,84.83704111374318,84.33730092615623,83.8643720742901
AirQuality,175,0,78.0,124.0,2200.0,2.8,1007.6,,247.0,214.33725340708867,230.4492613746177,230.980360139122
AirQuality,176,0,5.0,92.0,4000.0,0.1,1008.0,,269.0,267.5171608631232,260.2882083766011,259.5601003204044
AirQuality,177,0,31.0,43.0,1000.0,0.4,999.8,,108.0,118.53646755310572,126.48803740945785,125.74943636448232
AirQuality,178,0,5.0,84.0,4400.0,0.1,1014.8,,292.0,262.8723162089346,256.5810365671348,255.6601986741113
AirQuality,179,0,13.0,138.0,5200.0,0.0,1020.4,,325.0,332.3976119079229,324.01496687492613,323.7715946532711
AirQuality,180,0,2.0,31.0,1100.0,2.9,994.7,,127.0,116.81360269204268,115.00641432988408,114.06488719443676
AirQuality,181,0,16.0,57.0,1600.0,3.6,1008.3,,142.0,130.64044871441746,132.73066595632446,132.18150342406463
AirQuality,182,0,5.0,130.0,4000.0,0.0,1013.0,,283.0,293.47207738292457,283.1738261542133,283.0173362208713
AirQuality,183,0,7.0,49.0,1600.0,3.2,1010.0,,122.0,122.49951963218766,121.86477294094703,121.14480961073396
AirQuality,184,0,15.0,208.0,3300.0,0.2,1014.8,,368.0,332.74216398016983,320.24272808305443,321.44971839995964
AirQuality,185,0,26.0,102.0,5900.0,0.0,1016.9,,360.0,330.8169557423228,330.2000412353144,329.3178739284753
AirQuality,186,0,46.0,117.0,4500.0,0.0,1018.0,,326.0,284.4808568239884,292.7856728253652,292.496638126576
AirQuality,187,0,9.0,122.0,2700.0,0.0,1007.2,,222.0,245.5522384086381,238.7357061238125,238.7354506832369
AirQuality,188,0,45.0,175.0,3700.0,0.0,1009.0,,290.0,324.1225177259195,326.59025550535387,327.3184330015695
AirQuality,189,0,22.0,93.0,4300.0,0.1,1017.5,,261.0,259.2714199510786,259.76393528560067,259.0681296601792
AirQuality,190,0,33.0,138.0,2900.0,0.0,1020.1,,228.0,239.6510497513731,242.57332681120727,242.88264696581845
AirQuality,191,0,46.0,50.0,1300.0,3.2,1006.9,,143.0,122.34445470150727,126.84807550970366,126.35130600483558
AirQuality,192,0,15.0,104.0,5100.0,4.5,1013.9,,278.0,298.3945695839108,291.4570356745341,290.9338496609768
AirQuality,193,0,6.0,27.0,800.0,2.8,990.0,,102.0,109.83043495029136,110.0614975305275,109.1261185802178
AirQuality,194,0,37.0,257.0,7800.0,0.4,1020.7,,543.0,538.5606059355893,525.7949750349135,526.9075371887762
AirQuality,195,0,4.0,86.0,2900.0,0.0,1014.0,,225.0,208.0245187909484,202.91371410329583,202.3234898883349
AirQuality,196,0,8.0,205.0,3100.0,0.0,1015.7,,347.0,322.1156862593984,307.3411049027544,308.50946747752494
AirQuality,197,0,24.0,84.0,4000.0,0.1,1019.3,,210.0,235.46479658364376,238.20641745853368,237.44823329755383
AirQuality,198,0,2.0,16.0,800.0,3.2,997.6,,77.0,85.00789987910005,85.13248824279658,84.04661910025948
AirQuality,199,0,6.0,59.0,1200.0,0.4,999.6,,162.0,142.56080372562892,141.33843165016674,140.70120717963778
AirQuality,200,0,14.0,121.0,7300.0,0.2,1023.2,,368.0,392.7851425455644,384.0630218989088,383.1478304943022
AirQuality,201,0,4.0,80.0,3800.0,0.0,1007.1,,227.0,250.7005565067758,244.38651446882847,243.5102458179517
AirQuality,202,0,2.0,96.0,1300.0,0.3,1009.1,,147.0,163.66703011281857,158.08285724631716,157.97264383230345
AirQuality,203,0,10.0,206.0,3100.0,0.0,1009.5,,323.0,334.43287786405944,319.8093061182072,320.9914021378552
AirQuality,204,0,14.0,75.0,2400.0,0.2,1024.1,,165.0,156.99923578112714,158.7022520629118,158.11332973387096
AirQuality,205,0,73.0,133.0,3100.0,3.0,999.3,,308.0,268.2945598037043,285.05977003972447,285.5174655271278
AirQuality,206,0,9.0,140.0,3400.0,0.0,1014.5,,323.0,275.7577521582449,267.0949167626075,267.2299409123041
AirQuality,207,0,2.0,102.0,2700.0,0.0,1013.6,,199.0,216.12250338820817,208.84478467797072,208.5272428743212
AirQuality,208,0,69.0,103.0,5400.0,0.0,1018.3,,289.0,302.1783051076825,320.55516009056765,319.959524680584
AirQuality,209,0,21.0,59.0,1400.0,2.6,1001.7,,153.0,138.65992132201742,142.7615723885583,142.24676760740013
AirQuality,210,0,27.0,118.0,2800.0,2.7,1018.1,,195.0,215.69521124423449,216.6101767046941,216.740813960262
AirQuality,211,0,9.0,100.0,3600.0,0.1,1016.3,,272.0,242.8971981148464,237.9156940092465,237.4176028092541
AirQuality,212,0,21.0,173.0,4000.0,0.0,1013.0,,326.0,330.54042575397074,322.9865929447555,323.53583771578985
AirQuality,213,0,4.0,98.0,5200.0,0.4,1021.6,,302.0,293.69521068482925,285.1984938814984,284.3417806527051
AirQuality,214,0,14.0,148.0,2500.0,0.4,1009.8,,279.0,255.09052533708527,248.24943376501813,248.7216846546795
AirQuality,215,0,20.0,85.0,3600.0,0.2,1022.4,,245.0,215.34249954713488,217.0269622058664,216.36022304176367
AirQuality,216,0,55.0,130.0,2800.0,0.3,1026.9,,220.0,210.9880426500002,224.7004101463376,225.0194457453621
AirQuality,217,0,3.0,81.0,3300.0,0.1,1007.7,,214.0,230.88731622271817,224.6728295679964,223.9166677830512
AirQuality,218,0,43.0,95.0,1300.0,4.2,1009.4,,165.0,145.97700511514515,156.16902483348298,156.38491236955795
AirQuality,219,0,109.0,221.0,4900.0,0.1,998.4,,369.0,422.45921106351824,445.3139675074789,446.7192560636603
AirQuality,220,0,6.0,80.0,3200.0,3.2,1015.9,,206.0,202.7346377638516,197.3594006676808,196.77729487225068
AirQuality,221,0,2.0,79.0,1400.0,0.1,1013.9,,166.0,143.2205654858948,139.69209266394307,139.30420258329156
AirQuality,222,0,25.0,146.0,3500.0,0.0,1018.2,,263.0,275.4741340356172,273.3074177984872,273.5787513707806
AirQuality,223,0,16.0,169.0,3100.0,0.2,1009.0,,325.0,299.62294779246884,290.9267699008449,291.5865789794654
AirQuality,224,0,27.0,134.0,6000.0,0.1,1020.9,,380.0,356.37580439187525,353.3715143240005,352.9621871338685
AirQuality,225,0,5.0,30.0,1100.0,3.5,1003.1,,110.0,98.0651448739628,98.17258552066288,97.26786239090488
AirQuality,226,0,30.0,135.0,4300.0,0.2,1022.1,,287.0,287.84484224125515,288.16758239433665,288.14296420557935
AirQuality,227,0,8.0,69.0,3300.0,0.1,1007.7,,230.0,218.9193305480828,215.97642480995432,215.0598711166604
AirQuality,228,0,20.0,110.0,2200.0,0.2,1007.3,,208.0,212.3559226394976,211.8952867744336,211.87075816957687
AirQuality,229,0,18.0,72.0,2100.0,4.5,998.1,,182.0,180.91551490027845,180.4031080192716,180.01016234601357
AirQuality,230,0,68.0,131.0,6400.0,0.1,1013.4,,437.0,376.3932158196103,389.9406610732075,389.5511548726879
AirQuality,231,0,5.0,15.0,700.0,3.9,993.8,,86.0,85.20658379596532,86.1257172903107,85.0843728775867
AirQuality,232,0,17.0,192.0,8800.0,0.2,1021.1,,494.0,520.6021420320355,504.38825361084974,504.23450148830784
AirQuality,233,0,9.0,21.0,1100.0,3.9,993.3,,100.0,106.65413890239977,108.17368291881944,107.1541547290685
AirQuality,234,0,54.0,109.0,4600.0,0.2,1007.6,,275.0,298.8232646047893,310.0651155398692,309.6607941391584
AirQuality,235,0,106.0,163.0,5400.0,0.4,1013.0,,351.0,360.4758263671062,388.2341614032575,388.6909806247048
AirQuality,236,0,30.0,162.0,2700.0,0.0,1011.6,,256.0,270.6578486855227,269.43416918781963,270.12039749029367
AirQuality,237,0,6.0,152.0,4100.0,0.1,1010.7,,351.0,321.69581294869033,309.3421469551768,309.4996331041692
AirQuality,238,0,7.0,82.0,1400.0,0.0,1010.7,,137.0,151.43206528255365,149.48541732145063,149.15246282334704
AirQuality,239,0,8.0,53.0,1800.0,0.3,1019.9,,125.0,121.92513083833032,123.42929441155955,122.61048424858372
AirQuality,240,0,60.0,131.0,3600.0,0.0,1021.4,,293.0,253.43491514134908,267.8128826516537,267.9787054868971
AirQuality,241,0,34.0,32.0,900.0,2.9,1016.7,,90.0,80.99890221284191,76.94359196347854,76.21383179922584
AirQuality,1,1,107.0,203.0,4700.0,0.0,4.1,,346.0,392.3403403088357,388.0307568892546,388.88851053335975
AirQuality,2,1,27.0,141.0,4100.0,0.0,1.6,,263.0,293.7363093118441,291.88775898866464,291.91557396734663
AirQuality,3,1,36.0,115.0,7400.0,0.4,0.7,,446.0,402.7649869341264,400.2989866429425,388.7193308253602
AirQuality,4,1,14.0,170.0,8000.0,0.1,-0.8,,462.0,463.6235689123212,460.6657768558007,454.9217552478005
AirQuality,5,1,11.0,108.0,5000.0,3.2,-4.9,,306.0,274.95227691546154,279.8931376632346,281.7117145097616
AirQuality,6,1,19.0,41.0,2900.0,0.4,-0.4,,149.0,159.6463695881699,160.07565212001805,152.55538821654912
AirQuality,7,1,33.0,140.0,4800.0,0.0,1.8,,296.0,322.52165077166427,320.23033579412987,317.8922995178936
AirQuality,8,1,114.0,184.0,7299.0,3.9,14.8,,534.0,479.2674087694192,479.1130513539567,478.8856463636896
AirQuality,9,1,22.0,116.0,5100.0,0.1,-4.0,,296.0,303.57123086928067,302.55352168468823,297.4752430426932
AirQuality,10,1,11.0,133.0,9000.0,0.3,-5.3,,507.0,465.522786745304,463.4394529247445,451.21607030280586
AirQuality,11,1,2.0,53.0,3100.0,0.0,13.7,,176.0,194.1899903285897,191.8968628596008,185.3678469231826
AirQuality,12,1,19.0,163.0,7600.0,0.4,0.9,,419.0,444.6361993303794,442.07996886680144,436.8824206566831
AirQuality,13,1,31.0,167.0,3900.0,0.0,1.6,,313.0,307.687614129558,305.7032113448363,309.168522275947
AirQuality,14,1,2.0,126.0,2100.0,0.3,14.3,,239.0,212.45703735629053,210.6232143595037,216.2874720393424
AirQuality,15,1,40.0,96.0,2500.0,3.3,22.5,,195.0,212.707964045298,214.27907962753147,219.4157552211928
AirQuality,16,1,41.0,128.0,4200.0,0.3,-1.4,,275.0,285.5437259144093,284.4673010407291,282.4530581412805
AirQuality,17,1,17.0,60.0,1900.0,0.2,-3.6,,124.0,131.14269107769508,132.07225835983465,129.23097966599187
AirQuality,18,1,98.0,84.0,3600.0,2.8,18.6,,256.0,259.1966668934338,259.0046424091836,254.99238664350983
AirQuality,19,1,74.0,172.0,4700.0,0.4,4.9,,421.0,357.8917183549865,354.9528343214285,355.02413152517863
AirQuality,20,1,3.0,87.0,1900.0,0.1,14.6,,178.0,175.01038071238656,173.07133578989578,174.0157158746351
AirQuality,21,1,2.0,144.0,2600.0,0.4,18.1,,295.0,251.4997319083912,248.93672563090493,255.6478154098332
AirQuality,22,1,48.0,147.0,4800.0,0.3,0.0,,299.0,328.3144990058021,326.5209736475306,324.76324308539984
AirQuality,23,1,4.0,178.0,3600.0,0.0,13.8,,295.0,314.4539209496402,311.15972241121693,318.3668751982339
AirQuality,24,1,34.0,142.0,4500.0,0.1,2.0,,303.0,312.367066110816,310.3261790705298,309.1857821222099
AirQuality,25,1,28.0,104.0,4400.0,0.4,-3.1,,278.0,267.8802256298671,267.5300407506997,263.1316213504919
AirQuality,26,1,24.0,161.0,8300.0,0.4,-4.2,,418.0,464.8714860508164,462.7080364657115,455.13450241138383
AirQuality,27,1,2.0,76.0,1500.0,0.2,19.5,,180.0,156.60829415895807,154.35621964504043,155.26877165839755
AirQuality,28,1,23.0,43.0,1600.0,2.8,26.5,,132.0,138.07751350234963,139.1590090099677,140.1792110293433
AirQuality,29,1,15.0,23.0,1000.0,2.6,31.1,,95.0,103.60447176419456,104.15149383487908,104.35824072729504
AirQuality,30,1,11.0,12.0,1000.0,4.5,24.9,,83.0,76.39658562833813,81.41926693779239,84.82568434588664
AirQuality,31,1,3.0,85.0,2600.0,0.0,14.2,,207.0,200.9630862755656,198.60947358377072,197.2310608020568
AirQuality,32,1,21.0,25.0,800.0,3.1,33.6,,101.0,100.20606376105836,101.23002004269269,102.91955121433716
AirQuality,33,1,18.0,157.0,4300.0,0.2,1.7,,353.0,311.19530618646564,309.6699927621125,312.1273228368336
AirQuality,34,1,16.0,120.0,3300.0,0.4,-4.7,,230.0,231.65124088720984,232.15626054779992,233.40452284939684
AirQuality,35,1,16.0,86.0,3900.0,0.4,7.6,,279.0,245.5668724980805,244.1217213483584,239.5313814426712
AirQuality,36,1,2.0,62.0,1200.0,0.3,11.7,,120.0,122.11584657989631,121.45062861565684,121.7518235668047
AirQuality,37,1,22.0,47.0,1000.0,2.6,4.8,,87.0,87.572518118365,91.87980700751312,94.79569569162246
AirQuality,38,1,37.0,97.0,2200.0,0.2,2.2,,216.0,186.1919168264152,185.522232726915,185.05627876349288
AirQuality,39,1,4.0,119.0,3800.0,0.0,9.9,,306.0,269.7406999298268,267.29932650229915,266.8386637193132
AirQuality,40,1,77.0,111.0,1900.0,3.0,20.8,,230.0,210.0404514233602,210.84268336954736,216.392214473308
AirQuality,41,1,26.0,66.0,1500.0,2.6,6.8,,127.0,126.41849970700687,130.01541154311843,133.6390550624217
AirQuality,42,1,37.0,143.0,7200.0,0.0,-1.8,,442.0,415.77318328304233,412.88333965351535,404.3078853241833
AirQuality,43,1,13.0,138.0,2700.0,0.0,15.4,,275.0,251.6627433538405,248.5907775323083,252.7416788941225
AirQuality,44,1,12.0,201.0,2800.0,0.0,14.6,,313.0,304.52054939253094,301.1778181991611,312.7912132020575
AirQuality,45,1,4.0,103.0,1800.0,0.4,6.3,,182.0,171.04193652449197,170.8417644678053,174.67532805412952
AirQuality,46,1,7.0,109.0,1900.0,0.3,11.7,,196.0,188.67571296009703,187.3366864827164,191.1717330156801
AirQuality,47,1,67.0,88.0,4000.0,0.0,1.0,,238.0,257.5434773837791,255.41399067293816,246.72680146409027
AirQuality,48,1,22.0,133.0,4200.0,0.0,4.0,,271.0,293.3201490344184,291.197319771818,290.2832935851321
AirQuality,49,1,2.0,76.0,1000.0,0.0,23.0,,137.0,142.69136945114582,139.76732911318211,141.5326213769439
AirQuality,50,1,51.0,52.0,2800.0,4.2,20.7,,182.0,185.8273876070403,189.20411671056416,189.5137058530657
AirQuality,51,1,9.0,61.0,4300.0,0.0,7.0,,249.0,240.45838101335227,238.48767322713525,229.35618052411505
AirQuality,52,1,27.0,102.0,2000.0,0.0,22.0,,206.0,208.39031686122524,204.57258594674667,205.25862164080613
AirQuality,53,1,2.0,41.0,1100.0,0.4,23.5,,129.0,117.59281316133332,115.46568073777732,113.596210153841
AirQuality,54,1,39.0,108.0,3200.0,0.0,-2.8,,241.0,228.88851519955043,228.0857019799052,225.7714051334748
AirQuality,55,1,31.0,156.0,4900.0,0.2,3.9,,372.0,340.76330360204963,338.4060897891647,338.3001271046502
AirQuality,56,1,21.0,109.0,5300.0,0.3,-2.6,,304.0,306.68374136593604,305.7790982095416,299.8141649728493
AirQuality,57,1,135.0,122.0,4200.0,0.3,7.3,,354.0,318.70942234022914,314.6298403736474,305.8289117720499
AirQuality,58,1,10.0,55.0,1200.0,0.4,-3.675,,95.0,96.56581449852402,98.32892694311906,97.63156959813662
AirQuality,59,1,31.0,128.0,3300.0,0.0,0.8,,279.0,251.70506946314487,250.33544417778657,250.6626361793015
AirQuality,60,1,14.0,135.0,2700.0,0.0,11.9,,241.0,244.60182058246875,242.0651360172996,245.81935957147664
AirQuality,61,1,11.0,135.0,2500.0,0.0,7.6,,221.0,229.8113405828355,228.07585096897043,232.5913545376848
AirQuality,62,1,10.0,109.0,3200.0,0.4,17.0,,267.0,247.8950337343356,245.2943881604224,245.6573556174889
AirQuality,63,1,51.0,129.0,3000.0,0.0,4.1,,269.0,250.7686679313909,248.6573943567762,248.60177000772097
AirQuality,64,1,6.0,95.0,2400.0,0.0,13.2,,180.0,200.45354145577585,198.22862301192964,198.41556764115003
AirQuality,65,1,21.0,124.0,5500.0,3.0,5.3,,317.0,325.5155449854366,328.0421986951578,329.3034084599956
AirQuality,66,1,30.0,105.0,3300.0,0.1,2.7,,254.0,235.29461157450945,233.9646722389901,231.7651717438068
AirQuality,67,1,5.0,86.0,4500.0,0.4,0.0,,282.0,255.5486839987277,255.2019962811306,249.7848437761081
AirQuality,68,1,50.0,29.0,1800.0,3.3,33.9,,144.0,150.360782422213,150.704436653996,148.81939029677304
AirQuality,69,1,14.0,67.0,1200.0,2.7,20.1,,145.0,130.3978414532224,132.4809879567144,137.88942924592
AirQuality,70,1,18.0,184.0,9000.0,0.4,-3.4,,473.0,510.3899397761693,507.7697206199376,501.5053364216296
AirQuality,71,1,72.0,124.0,5700.0,0.1,0.1,,360.0,353.1155594921701,350.2510584901357,341.3328728672479
AirQuality,72,1,19.0,156.0,3900.0,0.1,8.5,,321.0,304.90939888955046,302.32872885402327,305.38048018537404
AirQuality,73,1,23.0,52.0,1800.0,0.2,8.0,,161.0,138.80943913675526,137.94464571876597,133.9105539243366
AirQuality,74,1,14.0,142.0,5900.0,0.0,-0.7,,342.0,358.8699125157898,356.8088746751455,353.020772186921
AirQuality,75,1,34.0,114.0,3800.0,0.0,-4.575,,261.0,253.5198808555774,252.77970536092369,249.9337059340191
AirQuality,76,1,9.0,70.0,3400.0,0.4,2.9,,235.0,204.48719295742143,204.20281527543324,199.48453536207143
AirQuality,77,1,78.0,130.0,2200.0,3.7,20.7,,256.0,234.0380308981433,235.8429889117324,244.3987857350735
AirQuality,78,1,107.0,147.0,6200.0,2.7,7.0,,363.0,398.7939095807791,398.5211449919757,394.5643569834267
AirQuality,79,1,23.0,80.0,1100.0,0.3,20.6,,153.0,150.83300201749216,148.3630716151015,149.70196709738715
AirQuality,80,1,76.0,152.0,4400.0,0.4,-1.0,,285.0,322.28707444553555,320.46439029226946,318.82825471951065
AirQuality,81,1,9.0,213.0,8000.0,0.4,3.3,,473.0,501.02468607050463,497.81434288444746,498.2452382346515
AirQuality,82,1,8.0,209.0,3600.0,0.0,14.7,,370.0,341.5713868944021,337.88606649251835,348.598659810836
AirQuality,83,1,24.0,44.0,1100.0,2.7,16.3,,120.0,105.44987515939944,108.11165095221055,110.3885530144249
AirQuality,84,1,104.0,151.0,3700.0,2.8,3.0,,292.0,296.2782370295757,297.931355707462,301.5560463326412
AirQuality,85,1,9.0,47.0,1600.0,0.4,-7.025,,96.0,100.98454883404976,103.14880108236142,100.50953307832955
AirQuality,86,1,114.0,139.0,3200.0,3.3,3.0,,262.0,267.4102417506018,270.0645924430291,274.03604106385274
AirQuality,87,1,23.0,202.0,3500.0,0.2,14.1,,368.0,334.37782767920845,330.9539153846374,340.5777198399725
AirQuality,88,1,46.0,156.0,2900.0,0.0,8.0,,277.0,272.5143592303591,269.7833926394134,273.5582448235683
AirQuality,89,1,39.0,160.0,6500.0,0.0,0.1,,469.0,404.91322490935534,401.9061226903443,397.1134969190088
AirQuality,90,1,12.0,26.0,700.0,4.7,21.4,,64.0,70.1520440658224,76.10016303310786,82.4186075745025
AirQuality,91,1,2.0,29.0,900.0,3.9,32.7,,112.0,97.27735832937834,100.1436562355516,105.04967927095824
AirQuality,92,1,14.0,193.0,2100.0,0.4,15.2,,286.0,270.0558541511202,267.6542579673809,280.9132709982536
AirQuality,93,1,6.0,20.0,900.0,2.6,29.9,,97.0,93.10502935372632,94.06077988550112,94.75199584602444
AirQuality,94,1,15.0,143.0,4000.0,0.0,0.0,,307.0,285.8455537205232,284.4922794494176,285.80672716760097
AirQuality,95,1,5.0,43.0,1000.0,0.0,28.1,,114.0,124.35526584400748,120.78821255870416,118.30560799603796
AirQuality,96,1,7.0,150.0,2400.0,0.4,12.4,,233.0,241.71072631702248,239.9831279764972,247.68856839496016
AirQuality,97,1,42.0,171.0,4000.0,0.0,6.3,,309.0,324.4705123446071,321.49931406249425,324.4429215108057
AirQuality,98,1,5.0,70.0,1900.0,0.4,11.6,,178.0,156.3934035367135,155.51173570479705,154.95697150690646
AirQuality,99,1,2.0,36.0,1200.0,0.4,29.3,,115.0,125.73570234697864,122.7054326551658,119.91006740108082
AirQuality,100,1,24.0,81.0,3600.0,0.0,-1.1,,205.0,221.43568252156155,220.62555980310705,214.90486981410143
AirQuality,101,1,34.0,119.0,2600.0,2.7,5.9,,196.0,212.6747035175698,215.64797938045209,222.5111500597599
AirQuality,102,1,39.0,95.0,3000.0,3.7,6.5,,192.0,207.0121556998077,211.550085550118,216.33371124434683
AirQuality,103,1,45.0,102.0,3100.0,2.8,9.6,,236.0,226.63264003125744,228.89644762148853,231.8535191633288
AirQuality,104,1,62.0,98.0,2400.0,3.2,3.0,,204.0,189.30095914825267,193.312866559354,197.51261008563364
AirQuality,105,1,31.0,62.0,1500.0,2.8,17.4,,135.0,138.6435167502159,140.90666566298134,144.07535376445824
AirQuality,106,1,11.0,24.0,700.0,4.1,21.6,,72.0,71.27435351881364,76.15126718988098,80.95378149396649
AirQuality,107,1,28.0,194.0,3600.0,0.1,8.5,,311.0,325.8574293530819,323.02436531750084,330.91999613054213
AirQuality,108,1,3.0,80.0,1500.0,2.6,20.2,,132.0,150.22178493714213,152.10260557564945,158.76997364730522
AirQuality,109,1,92.0,125.0,1899.0,0.0,6.9,,244.0,219.21760712215195,216.44295708497305,216.1949334268349
AirQuality,110,1,8.0,118.0,7500.0,0.3,-5.0,,393.0,393.87168281171074,392.5466117632753,382.6756932506102
AirQuality,111,1,37.0,147.0,2700.0,0.0,7.5,,228.0,254.25959772506783,251.90930275942665,255.69886115499588
AirQuality,112,1,20.0,152.0,3700.0,0.2,0.6,,258.0,282.486236838901,281.3871382074325,284.7144686931781
AirQuality,113,1,27.0,96.0,1400.0,0.4,9.2,,143.0,160.02064684415535,159.1764224672362,161.73341696204045
AirQuality,114,1,16.0,88.0,4600.0,0.3,-5.0,,283.0,257.4995157298852,257.48461573048485,251.1677218093792
AirQuality,115,1,23.0,44.0,1200.0,4.3,21.7,,125.0,109.52014289458018,114.1833989413852,119.76838870987515
AirQuality,116,1,174.0,128.0,5600.0,0.0,-0.4,,383.0,379.9710294692497,375.1744052227799,360.3025526684759
AirQuality,117,1,4.0,123.0,5600.0,0.2,-6.1,,325.0,320.5873913421041,320.1347360140916,315.96438378479604
AirQuality,118,1,29.0,116.0,1200.0,2.8,25.1,,184.0,180.2276557999403,181.1656992382345,191.7532359900329
AirQuality,119,1,5.0,153.0,3300.0,0.0,10.7,,309.0,278.53417685347875,275.9747213516996,280.9050511819694
AirQuality,120,1,69.0,76.0,2300.0,0.4,2.9,,166.0,182.20113178992432,181.2785762948712,176.39746771998503
AirQuality,121,1,10.0,146.0,9700.0,0.4,-4.5,,456.0,503.9701285074489,501.5759769067359,489.3506779648049
AirQuality,122,1,66.0,108.0,1500.0,0.1,12.5,,196.0,190.2213864603583,187.51476122925675,188.0867891820326
AirQuality,123,1,46.0,78.4246,1400.0,0.2,15.0,,164.0,160.26414412942873,157.93263221306438,156.64767383987862
AirQuality,124,1,25.0,136.0,5400.0,0.4,-2.8,,301.0,332.55499128222885,331.5852266761585,328.60606656034315
AirQuality,125,1,43.0,148.0,5400.0,0.3,-2.6,,409.0,347.7890870778456,346.2136760221396,343.3239457562061
AirQuality,126,1,32.0,119.0,2900.0,0.3,0.5,,208.0,227.2057977582629,226.62823820777808,227.53127089986643
AirQuality,127,1,73.0,159.0,3600.0,3.2,10.0,,260.0,298.3155245450341,300.17046754127153,307.8317659566022
AirQuality,128,1,11.0,34.0,2000.0,0.4,25.9,,169.0,153.41428941406554,150.39973912254808,144.69279326230753
AirQuality,129,1,13.0,159.0,3600.0,0.4,0.1,,305.0,280.6028421007314,280.0674877160409,285.40611842156534
AirQuality,130,1,41.0,101.0,2900.0,0.4,-1.8,,213.0,211.59387772233111,211.4885028392918,209.8744116304662
AirQuality,131,1,4.0,116.0,1600.0,0.4,21.1,,222.0,194.4022288517037,191.9483167141815,197.76017685319883
AirQuality,132,1,85.0,138.0,3200.0,0.4,-0.8,,243.0,266.4272018899733,265.0220216743933,264.30001929860526
AirQuality,133,1,26.0,189.9025,2300.0,0.0,8.6,,270.0,271.2587048193282,268.8661177668124,279.6234704293262
AirQuality,134,1,11.0,121.0,2300.0,0.0,15.5,,236.0,221.87513431777444,219.099871178071,222.37412148494667
AirQuality,135,1,15.0,165.0,2300.0,0.2,10.6,,244.0,250.28634725352703,248.28910491954355,257.14611334760446
AirQuality,136,1,3.0,186.0,3900.0,0.2,14.1,,362.0,331.94421161598325,328.79992058577363,336.68771973611075
AirQuality,137,1,10.0,97.0,2899.0,0.2,8.0,,204.0,214.62214347472087,213.2456944035629,212.5865650069462
AirQuality,138,1,98.0,92.0,3299.0,0.0,4.5,,223.0,246.44351153179176,243.501689980047,235.16087297909883
AirQuality,139,1,48.0,164.0,4000.0,0.4,1.0,,354.0,311.2347184368548,309.72059652685925,312.36930128813015
AirQuality,140,1,60.0,142.0,3900.0,0.4,2.8,,281.0,295.5333119318256,293.6981877039666,293.1591761781437
AirQuality,141,1,14.0,122.0,1800.0,0.0,11.2,,198.0,197.66708380215948,195.71075897794745,200.28371776369468
AirQuality,142,1,41.0,199.0,2700.0,0.0,13.7,,276.0,305.6247180040035,301.9493133645352,311.7490079454189
AirQuality,143,1,13.0,137.0,3500.0,0.3,1.5,,294.0,261.5103134008376,260.7545885293913,263.4499383933477
AirQuality,144,1,37.0,179.0,4900.0,0.1,5.0,,350.0,362.7727895836042,359.82577046990605,361.9014115741147
AirQuality,145,1,5.0,43.0,900.0,0.1,20.5,,97.0,109.2281398976852,107.04739620021188,105.12162334773411
AirQuality,146,1,94.0,139.0,5500.0,0.4,-4.0,,338.0,356.06029795354704,353.96041054224634,346.7020966644173
AirQuality,147,1,10.0,120.0,5800.0,3.1,-3.0,,314.0,319.0084244149702,323.07490832691565,324.04938200187155
AirQuality,148,1,8.0,76.0,2400.0,0.4,27.1,,193.0,203.63368360914745,200.0683700513324,198.5830710168641
AirQuality,149,1,14.0,116.0,5800.0,0.4,-2.1,,344.0,330.37375605420453,329.436408126783,323.65628737459883
AirQuality,150,1,15.0,104.0,5000.0,0.2,0.7,,281.0,294.3045144523851,292.98665750940523,287.34092639316145
AirQuality,151,1,33.0,146.0,2200.0,0.0,17.2,,246.0,246.29606200170872,242.75963855088688,247.92376447218072
AirQuality,152,1,62.0,120.0,5200.0,0.0,-1.9,,359.0,325.0601864052559,322.7491113047859,315.1055814567909
AirQuality,153,1,79.0,136.0,6200.0,0.2,-0.6,,368.0,382.9299356458242,379.9332575179093,370.9279698245308
AirQuality,154,1,8.0,184.0,3500.0,0.1,15.4,,368.0,318.1920716014224,314.7678532975217,322.9237153907052
AirQuality,155,1,11.0,134.0,6900.0,0.4,-4.5,,351.0,384.0110329318729,382.9050046416559,376.6009911377028
AirQuality,156,1,49.0,65.0,1200.0,2.8,26.0,,144.0,146.23609672088466,146.9706671193062,150.07903790645645
AirQuality,157,1,14.0,18.0,1100.0,2.6,29.0,,94.0,100.32724148137302,101.19896985277478,100.61468806020744
AirQuality,158,1,19.0,180.0,7300.0,0.0,2.0,,419.0,449.7150765874865,446.31017650751824,443.0767747179849
AirQuality,159,1,2.0,18.0,1000.0,3.5,32.9,,90.0,94.53432497546912,96.67637668047868,99.08797465971892
AirQuality,160,1,13.0,70.0,1400.0,3.4,-1.6,,112.0,106.64294852664742,113.21006558760192,120.26789595395992
AirQuality,161,1,31.0,161.0,4400.0,0.0,6.4,,328.0,329.4280780157501,326.52287672594,327.8864134760512
AirQuality,162,1,17.0,192.0,9800.0,0.3,-2.9,,626.0,549.2765238045304,546.0196223042694,538.437572263158
AirQuality,163,1,84.0,189.0,4000.0,0.0,-3.9,,367.0,335.92660483020603,333.65013240861015,336.20217354648844
AirQuality,164,1,5.0,112.0,3500.0,0.4,4.3,,274.0,242.86024545055807,242.1450901466361,242.5077725868804
AirQuality,165,1,11.0,202.0,4000.0,0.1,13.8,,395.0,350.88670167599633,347.327337675459,356.16548549207005
AirQuality,166,1,2.0,33.0,800.0,2.7,19.9,,80.0,83.8797035818368,86.58607532078656,89.6903150377735
AirQuality,167,1,35.0,33.0,1500.0,3.1,33.1,,133.0,137.37620156846822,137.86692940770263,137.78200906041894
AirQuality,168,1,101.0,128.0,3100.0,0.4,-4.0,,258.0,254.3460862646885,253.24298621422648,250.58252016378745
AirQuality,169,1,2.0,97.0,1700.0,0.4,22.8,,167.0,185.0340384456536,182.4227155292904,185.7712065173588
AirQuality,170,1,23.0,83.0,2700.0,4.3,5.0,,198.0,176.37616716268917,182.7069627782496,189.19538475842887
AirQuality,171,1,3.0,143.0,1800.0,0.2,19.4,,219.0,222.09792970197063,219.31997858229803,227.5160139873164
AirQuality,172,1,32.0,135.0,3300.0,0.2,-0.2,,258.0,255.25358881863684,254.3349303573167,255.90325026404068
AirQuality,173,1,2.0,80.0,1200.0,0.0,22.9,,179.0,153.6479884771981,150.62763425125306,152.3483436258485
AirQuality,174,1,6.0,49.0,600.0,4.2,19.1,,76.0,81.94081994103541,87.36810386815415,96.03816848537583
AirQuality,175,1,78.0,124.0,2200.0,2.8,19.3,,247.0,231.33697796141672,231.78570837274296,237.6228927006781
AirQuality,176,1,5.0,92.0,4000.0,0.1,3.5,,269.0,246.8747328403042,245.6427042263266,241.58513926025464
AirQuality,177,1,31.0,43.0,1000.0,0.4,23.6,,108.0,123.30214448505568,120.66589451805643,117.4598943062753
AirQuality,178,1,5.0,84.0,4400.0,0.1,-0.8,,292.0,250.2262198536852,249.5226524517373,243.4681405613954
AirQuality,179,1,13.0,138.0,5200.0,0.0,-3.5,,325.0,323.789287505564,322.5075481296648,320.18298303259576
AirQuality,180,1,2.0,31.0,1100.0,2.9,33.4,,127.0,112.28302173452734,113.15818496423226,115.54491967671494
AirQuality,181,1,16.0,57.0,1600.0,3.6,25.9,,142.0,142.8841852398184,145.5301641436283,150.48220101272955
AirQuality,182,1,5.0,130.0,4000.0,0.0,13.9,,283.0,292.3454126410776,289.1209538092856,289.3659537474897
AirQuality,183,1,7.0,49.0,1600.0,3.2,22.9,,122.0,131.6109469034608,134.21268287264962,137.90209102062792
AirQuality,184,1,15.0,208.0,3300.0,0.2,14.1,,368.0,329.07987465904745,325.8544798011596,337.2480913876961
AirQuality,185,1,26.0,102.0,5900.0,0.0,-1.4,,360.0,329.21905680051043,327.2806089200938,317.8736429456406
AirQuality,186,1,46.0,117.0,4500.0,0.0,1.0,,326.0,294.7227452095146,292.58454510273805,287.42876802732576
AirQuality,187,1,9.0,122.0,2700.0,0.0,8.0,,222.0,227.3518681332618,225.5789001680221,228.10620962688364
AirQuality,188,1,45.0,175.0,3700.0,0.0,1.6,,290.0,309.99724008211973,307.8004335511598,311.8793249060016
AirQuality,189,1,22.0,93.0,4300.0,0.1,-0.3,,261.0,258.8112795997177,257.71431690742673,251.9337683802442
AirQuality,190,1,33.0,138.0,2900.0,0.0,3.1,,228.0,247.6750680232528,246.0352778854989,248.49334186232977
AirQuality,191,1,46.0,50.0,1300.0,3.2,25.6,,143.0,135.0188293578683,136.6259753377083,138.72947373287195
AirQuality,192,1,15.0,104.0,5100.0,4.5,5.8,,278.0,286.0279132728589,291.5560695501981,295.1633894955009
AirQuality,193,1,6.0,27.0,800.0,2.8,33.4,,102.0,98.77807356619452,99.55802645061034,101.77922250121505
AirQuality,194,1,37.0,257.0,7800.0,0.4,-2.6,,543.0,527.581710887697,524.5984683734964,529.1814060735962
AirQuality,195,1,4.0,86.0,2900.0,0.0,7.0,,225.0,203.73095490055243,202.32340893953003,200.27037055672776
AirQuality,196,1,8.0,205.0,3100.0,0.0,15.4,,347.0,319.6060314055396,316.057611863033,327.6068899182233
AirQuality,197,1,24.0,84.0,4000.0,0.1,-5.5,,210.0,232.97827925960297,232.8262034514809,226.6689334617946
AirQuality,198,1,2.0,16.0,800.0,3.2,20.7,,77.0,69.17466000145654,72.74962245173661,74.89253056001841
AirQuality,199,1,6.0,59.0,1200.0,0.4,28.4,,162.0,143.9250432466898,140.8259146888792,140.57984431629154
AirQuality,200,1,14.0,121.0,7300.0,0.2,-3.1,,368.0,393.1356078352619,391.303129628543,381.7073191726057
AirQuality,201,1,4.0,80.0,3800.0,0.0,2.3,,227.0,227.8740175644664,226.82375321586164,221.6912815289621
AirQuality,202,1,2.0,96.0,1300.0,0.3,14.0,,147.0,156.46329707149087,155.2035312061606,159.35076580252965
AirQuality,203,1,10.0,206.0,3100.0,0.0,16.3,,323.0,322.2208822772853,318.49252326242663,330.028019702005
AirQuality,204,1,14.0,75.0,2400.0,0.2,0.9,,165.0,168.40958523278113,168.39631655735997,166.19928972920272
AirQuality,205,1,73.0,133.0,3100.0,3.0,19.5,,308.0,272.1025659231512,272.51835490140684,277.8180295633214
AirQuality,206,1,9.0,140.0,3400.0,0.0,12.2,,323.0,275.3142541719118,272.48414625061633,275.3005643005123
AirQuality,207,1,2.0,102.0,2700.0,0.0,15.4,,199.0,219.91004673618065,217.247574979202,217.72241755657208
AirQuality,208,1,69.0,103.0,5400.0,0.0,-2.1,,289.0,321.01879232446544,318.6220980688827,307.93714517920387
AirQuality,209,1,21.0,59.0,1400.0,2.6,31.6,,153.0,150.50376373083265,150.4788533857,153.61182465203805
AirQuality,210,1,27.0,118.0,2800.0,2.7,6.4,,195.0,218.5727913015509,221.5140632733851,228.16473890258465
AirQuality,211,1,9.0,100.0,3600.0,0.1,0.6,,272.0,234.4568500877137,233.7262742478148,231.4761801900813
AirQuality,212,1,21.0,173.0,4000.0,0.0,-0.7,,326.0,310.4532853864175,308.92342380044,313.5089856519049
AirQuality,213,1,4.0,98.0,5200.0,0.4,-4.2,,302.0,286.59420839778033,286.5297644529846,280.8118100255718
AirQuality,214,1,14.0,148.0,2500.0,0.4,17.5,,279.0,253.1739661475118,250.5058921960151,257.2111565852521
AirQuality,215,1,20.0,85.0,3600.0,0.2,-3.8,,245.0,218.82385563929773,218.8332438972893,214.3224007957982
AirQuality,216,1,55.0,130.0,2800.0,0.3,-4.1,,220.0,231.8310551172762,231.52049407904087,232.6049559093157
AirQuality,217,1,3.0,81.0,3300.0,0.1,2.3,,214.0,208.1887249591722,207.5499482052581,204.1542592681562
AirQuality,218,1,43.0,95.0,1300.0,4.2,16.8,,165.0,153.1993851214155,157.73013491884456,167.7978722192407
AirQuality,219,1,109.0,221.0,4900.0,0.1,6.6,,369.0,418.2398037538366,413.496266841578,416.0828819020381
AirQuality,220,1,6.0,80.0,3200.0,3.2,12.1,,206.0,204.08213545544805,207.4685979884444,210.83360387829185
AirQuality,221,1,2.0,79.0,1400.0,0.1,12.8,,166.0,146.0501551851706,144.6722924771173,146.05332252276116
AirQuality,222,1,25.0,146.0,3500.0,0.0,-1.5,,263.0,269.0978202863557,267.9960345643601,270.3817905512768
AirQuality,223,1,16.0,169.0,3100.0,0.2,17.4,,325.0,294.9627590531154,291.52956012215816,298.62111191900686
AirQuality,224,1,27.0,134.0,6000.0,0.1,-3.4,,380.0,355.72359087980885,354.0209455212876,348.41454476937906
AirQuality,225,1,5.0,30.0,1100.0,3.5,29.5,,110.0,104.09079361095272,106.58492031195134,110.02910595838163
AirQuality,226,1,30.0,135.0,4300.0,0.2,-3.9,,287.0,289.0042648422145,288.2469272096985,287.3174532609269
AirQuality,227,1,8.0,69.0,3300.0,0.1,10.4,,230.0,211.40138028302027,209.50149598247967,204.25614146545823
AirQuality,228,1,20.0,110.0,2200.0,0.2,8.0,,208.0,200.1122743151664,198.78719636939783,200.93034017557167
AirQuality,229,1,18.0,72.0,2100.0,4.5,27.0,,182.0,172.65410440353668,176.39271545973654,183.70359972693456
AirQuality,230,1,68.0,131.0,6400.0,0.1,0.1,,437.0,385.2749774001799,382.13318350373976,372.4593884623336
AirQuality,231,1,5.0,15.0,700.0,3.9,31.0,,86.0,76.61514729148432,79.85723630316383,83.41778435560448
AirQuality,232,1,17.0,192.0,8800.0,0.2,-2.6,,494.0,510.6337646967282,507.5940693720295,502.4452539820346
AirQuality,233,1,9.0,21.0,1100.0,3.9,22.4,,100.0,86.17170692018351,90.44649238097487,93.49612745720457
AirQuality,234,1,54.0,109.0,4600.0,0.2,4.4,,275.0,298.3657804186569,295.92104357667546,289.432411512488
AirQuality,235,1,106.0,163.0,5400.0,0.4,-1.0,,351.0,378.78494309777466,375.9121439063276,371.04648703992
AirQuality,236,1,30.0,162.0,2700.0,0.0,7.7,,256.0,264.6074697991267,262.2661446688194,268.32235453391297
AirQuality,237,1,6.0,152.0,4100.0,0.1,5.0,,351.0,301.12863159187674,299.2548398643322,302.1471673919505
AirQuality,238,1,7.0,82.0,1400.0,0.0,9.3,,137.0,145.3250238841366,144.19647424605452,145.4332515438392
AirQuality,239,1,8.0,53.0,1800.0,0.3,-3.6,,125.0,118.69055780203394,120.04681837863198,117.41543264629765
AirQuality,240,1,60.0,131.0,3600.0,0.0,-0.2,,293.0,272.4679557051924,270.5752051825673,268.6339856268736
AirQuality,241,1,34.0,32.0,900.0,2.9,9.1,,90.0,79.63320080206486,83.73105942995113,84.95483357739676
